Domain,Base AMI,Ours AMI,Delta
CS & AI,0.5159215096268975,0.7536577959620449,0.2377362863351474
History & Soc,0.5603350220432769,0.6637208345760736,0.1033858125327966
Law & Finance,0.5033396025160157,0.718988352515384,0.21564874999936826
Medicine,0.675728054601793,0.8430926238786091,0.16736456927681614
Physics & Eng,0.6030034185604856,0.7852807473611529,0.18227732880066727
