Domain,Base AMI,Ours AMI,Delta
CS & AI,0.2154471185842628,0.8761814585056573,0.6607343399213944
History & Soc,0.4095862099940038,0.8853184577370324,0.4757322477430286
Law & Finance,0.30261203318525687,0.8814948523268966,0.5788828191416397
Medicine,0.1760261071712425,0.962352939273161,0.7863268321019186
Physics & Eng,0.10804005243765857,0.9419788866087477,0.833938834171089
